Workbook

Sheet CAPEX_detalle
A1: Fase | B1: Categoria | C1: Activity | D1: Role | E1: Horas | F1: Valor hora USD | G1: Cantidad | H1: Costo unitario | I1: SumTotal
A2: 1 | B2: Técnico | C2: Toma de requisitos / UX inicial | D2: PO/BA | E2: 24 | F2: 40 | G2: 0 | H2: 0 | I2: =(E2*F2)+(G2*H2) -> 960
A3: 1 | B3: Técnico | C3: Diseño arquitectura AWS + modelo de datos | D3: Arquitecto Cloud | E3: 24 | F3: 55 | G3: 0 | H3: 0 | I3: =(E3*F3)+(G3*H3) -> 1320
A4: 1 | B4: Técnico | C4: Prototipo API stock / endpoints base | D4: Backend Developer | E4: 16 | F4: 45 | G4: 0 | H4: 0 | I4: =(E4*F4)+(G4*H4) -> 720
A5: 1 | B5: Técnico | C5: Evaluación OCR/AI (Textract/Bedrock) | D5: Data/ML Engineer | E5: 8 | F5: 55 | G5: 0 | H5: 0 | I5: =(E5*F5)+(G5*H5) -> 440
A6: 1 | B6: Técnico | C6: Diseño IaC + estructura VPC/CI-CD | D6: DevOps Engineer | E6: 8 | F6: 50 | G6: 0 | H6: 0 | I6: =(E6*F6)+(G6*H6) -> 400
A7: 1 | B7: Gestión | C7: Planificación del proyecto y roadmap | D7: Project Manager | E7: 24 | F7: 50 | G7: 0 | H7: 0 | I7: =(E7*F7)+(G7*H7) -> 1200
A8: 1 | B8: Gestión | C8: Gestión de stakeholders y alineación con negocio | D8: Project Manager | E8: 16 | F8: 50 | G8: 0 | H8: 0 | I8: =(E8*F8)+(G8*H8) -> 800
A9: 1 | B9: Gestión | C9: Reuniones de aprobación y steering inicial | D9: Sponsor / Dirección | E9: 8 | F9: 60 | G9: 0 | H9: 0 | I9: =(E9*F9)+(G9*H9) -> 480
A10: 2 | B10: Técnico | C10: Desarrollo APIs (stock, productos, OCR) | D10: Backend Developer | E10: 160 | F10: 45 | G10: 0 | H10: 0 | I10: =(E10*F10)+(G10*H10) -> 7200
A11: 2 | B11: Técnico | C11: Desarrollo dashboard (UI, filtros, charts) | D11: Frontend Developer | E11: 96 | F11: 40 | G11: 0 | H11: 0 | I11: =(E11*F11)+(G11*H11) -> 3840
A12: 2 | B12: Técnico | C12: Integración OCR + pipeline extracción | D12: Data/ML Engineer | E12: 64 | F12: 55 | G12: 0 | H12: 0 | I12: =(E12*F12)+(G12*H12) -> 3520
A13: 2 | B13: Técnico | C13: Infraestructura AWS (ECS/EKS/Lambda, RDS, S3, colas) | D13: DevOps Engineer | E13: 40 | F13: 50 | G13: 0 | H13: 0 | I13: =(E13*F13)+(G13*H13) -> 2000
... A22: 3 | B22: Gestión | C22: Comité final de aprobación y go-live | D22: Sponsor / Dirección | E22: 8 | F22: 60 | G22: 0 | H22: 0 | I22: =(E22*F22)+(G22*H22) -> 480
A23: Equipamiento | B23: Equipamiento | C23: Notebooks equipo (4 unidades) | D23: Sin Rol | E23: 0 | F23: 0 | G23: 4 | H23: 1200 | I23: =(E23*F23)+(G23*H23) -> 4800
A24: Equipamiento | B24: Equipamiento | C24: Monitores externos (4 unidades) | D24: Sin Rol | E24: 0 | F24: 0 | G24: 4 | H24: 200 | I24: =(E24*F24)+(G24*H24) -> 800
I25: =SUM(I2:I24) -> 37160

Sheet Resumen_por_fase
A1: Fase | B1: Categoria | C1: Sub total USD
A2: 1 | B2: Gestión | C2: 2480
A3: 1 | B3: Técnico | C3: 3840
A4: 2 | B4: Gestión | C4: 3000
A5: 2 | B5: Técnico | C5: 17280
A6: 3 | B6: Gestión | C6: 1680
A7: 3 | B7: Técnico | C7: 3280
A8: Equipamiento | B8: Equipamiento | C8: 5600
C9: =SUM(C2:C8) -> 37160
B11: Rol | C11: Sub total USD
B12: PO/BA | C12: =SUMIF(CAPEX_detalle!$D$2:$D$24,B12,CAPEX_detalle!$I$2:$I$24) -> 1280
B13: Arquitecto Cloud | C13: =SUMIF(CAPEX_detalle!$D$2:$D$23,B13,CAPEX_detalle!$I$2:$I$24) -> 1320
B14: Backend Developer | C14: =SUMIF(CAPEX_detalle!$D$2:$D$23,B14,CAPEX_detalle!$I$2:$I$24) -> 8640
B15: Data/ML Engineer | C15: =SUMIF(CAPEX_detalle!$D$2:$D$23,B15,CAPEX_detalle!$I$2:$I$24) -> 3960
B16: DevOps Engineer | C16: =SUMIF(CAPEX_detalle!$D$2:$D$23,B16,CAPEX_detalle!$I$2:$I$24) -> 3600
B17: Project Manager | C17: =SUMIF(CAPEX_detalle!$D$2:$D$23,B17,CAPEX_detalle!$I$2:$I$24) -> 6200
B18: Sponsor / Dirección | C18: =SUMIF(CAPEX_detalle!$D$2:$D$23,B18,CAPEX_detalle!$I$2:$I$24) -> 960
B19: Frontend Developer | C19: =SUMIF(CAPEX_detalle!$D$2:$D$23,B19,CAPEX_detalle!$I$2:$I$24) -> 4160
B20: Data/ML Engineer | C20: =SUMIF(CAPEX_detalle!$D$2:$D$23,B20,CAPEX_detalle!$I$2:$I$24) -> 3960
B21: QA Engineer | C21: =SUMIF(CAPEX_detalle!$D$2:$D$23,B21,CAPEX_detalle!$I$2:$I$24) -> 1440
B22: Sin Rol | C22: =SUMIF(CAPEX_detalle!$D$2:$D$24,B22,CAPEX_detalle!$I$2:$I$24) -> 5600
C23: =SUM(C12:C21) -> 35520

Sheet Resumen_general
A1: Metric | B1: Value
A2: CAPEX total (USD) | B2: 37160
